{"initial_reset_timestamp": 1634489040.120569, "timestamps": [1634489041.682322, 1634489043.5655432, 1634489043.6345794, 1634489043.6405618, 1634489043.652569, 1634489043.6585617, 1634489043.674562, 1634489043.685562, 1634489045.765667, 1634489045.829723], "episode_lengths": [78, 106, 117, 68, 115, 69, 132, 107, 122, 73], "episode_rewards": [-239.2546173079189, -108.24314548146825, -206.73238864073167, -136.81298420735612, -192.85811914634428, -85.50135505466015, 13.060381087615156, -104.24774879981479, -103.33852945906722, -137.52150262238007], "episode_types": ["t", "t", "t", "t", "t", "t", "t", "t", "t", "t"]}