{"initial_reset_timestamp": 1634404456.096093, "timestamps": [1634404458.314471], "episode_lengths": [78], "episode_rewards": [-168.52399677825335], "episode_types": ["t", "t"]}