{"initial_reset_timestamp": 1634434671.4505029, "timestamps": [1634434674.5797045, 1634434675.863539, 1634434675.9822712, 1634434676.0568671, 1634434676.1920033, 1634434676.443003, 1634434676.508004, 1634434676.6330025, 1634434677.5880053, 1634434677.762003, 1634434677.8610032, 1634434677.9640024, 1634434678.0300028, 1634434678.1110024, 1634434678.3590035, 1634434678.585003, 1634434678.7030022, 1634434678.783003, 1634434678.8550026, 1634434678.929003, 1634434678.989003, 1634434679.042003, 1634434679.097005, 1634434679.161003, 1634434679.2340033, 1634434679.3450027, 1634434679.4430032, 1634434680.971929, 1634434681.1289253, 1634434681.389921, 1634434681.4929576, 1634434681.6029575, 1634434681.676955, 1634434681.8149526, 1634434681.9329576, 1634434681.9999578, 1634434682.113953, 1634434682.2059584, 1634434682.3329582, 1634434682.3979528, 1634434682.4769557, 1634434682.6329575, 1634434682.7269607, 1634434682.8259585, 1634434682.894201, 1634434683.0001929, 1634434683.215193, 1634434683.3401892, 1634434683.5052192, 1634434683.6336923, 1634434683.7476726, 1634434684.138678, 1634434684.2626762, 1634434684.3686736, 1634434684.508674, 1634434684.7096784, 1634434684.834679, 1634434684.986679, 1634434685.1116776, 1634434685.2556784, 1634434685.4656787, 1634434685.6466935, 1634434685.9626763, 1634434686.1326761, 1634434688.097942, 1634434688.323512, 1634434688.8534482, 1634434688.9684482, 1634434689.565448, 1634434689.6684484, 1634434689.863448, 1634434690.1665897, 1634434690.572585, 1634434690.9086044, 1634434691.0696042, 1634434691.3656054, 1634434692.0246038, 1634434692.1346052, 1634434692.2696044, 1634434692.526069, 1634434692.7550676, 1634434692.8820682, 1634434693.032068, 1634434693.1590683, 1634434693.2830646, 1634434693.4380636, 1634434693.6994507, 1634434693.8164513, 1634434693.99545, 1634434694.22445, 1634434694.334458, 1634434694.67845, 1634434694.9694514, 1634434695.2654662, 1634434695.4833767, 1634434695.695047, 1634434695.9810455, 1634434696.7300463, 1634434696.9670458, 1634434697.4500463, 1634434697.6300461, 1634434697.7770452, 1634434697.8700457, 1634434698.036046, 1634434698.2900457, 1634434698.4840457, 1634434699.2240458, 1634434699.3410459, 1634434699.4580457, 1634434699.5570447, 1634434699.741046, 1634434699.876046, 1634434700.0220459, 1634434700.213046, 1634434700.3940456, 1634434700.580045, 1634434700.7270458, 1634434700.9310448, 1634434701.0440452, 1634434701.1290438, 1634434701.3910458, 1634434701.5330448, 1634434701.7400465, 1634434701.9680462, 1634434702.1220458, 1634434703.8650205, 1634434704.166019, 1634434704.3690188, 1634434704.5470176, 1634434704.8480186, 1634434705.0380192, 1634434705.2640188, 1634434705.449018, 1634434705.7880256, 1634434706.2870214, 1634434706.525022, 1634434706.8240187, 1634434707.3150172, 1634434708.0790172, 1634434708.595019, 1634434709.346022, 1634434709.5420241, 1634434709.7180247, 1634434709.9760227, 1634434710.1470168, 1634434710.3430185, 1634434710.4850187, 1634434710.8600187, 1634434711.2950175, 1634434711.800017, 1634434711.9090445, 1634434712.4310877, 1634434712.7030878, 1634434712.8900876, 1634434713.531088, 1634434713.6961641, 1634434713.8561633, 1634434713.9951634, 1634434714.268182, 1634434714.4711797, 1634434714.5862005, 1634434714.696186, 1634434714.9681797, 1634434715.13018, 1634434715.3391802, 1634434715.5741801, 1634434715.7611804, 1634434715.8781796, 1634434716.1311986, 1634434716.4751759, 1634434716.688175, 1634434716.7891755, 1634434717.4721794, 1634434717.5931764, 1634434717.737175, 1634434718.2286894, 1634434718.5136898, 1634434719.5316892, 1634434719.7536883, 1634434719.922695, 1634434720.072694, 1634434720.2167437, 1634434720.314744, 1634434720.507744, 1634434720.6537435, 1634434720.8257396, 1634434720.9517386, 1634434721.1587443, 1634434721.4127395, 1634434721.7417407, 1634434722.6787963, 1634434723.1298466, 1634434723.2778466, 1634434723.4318466, 1634434723.9339547, 1634434724.1379526], "episode_lengths": [105, 68, 73, 86, 128, 205, 65, 102, 51, 87, 88, 86, 60, 66, 163, 146, 84, 66, 65, 65, 54, 54, 51, 53, 60, 79, 76, 81, 59, 148, 76, 72, 56, 89, 81, 53, 80, 64, 83, 54, 60, 85, 61, 64, 53, 69, 115, 74, 93, 76, 71, 184, 73, 69, 80, 98, 71, 80, 68, 79, 103, 94, 143, 89, 100, 85, 210, 65, 227, 64, 87, 116, 161, 138, 76, 122, 235, 58, 70, 103, 100, 64, 75, 63, 61, 72, 104, 64, 84, 94, 60, 124, 110, 107, 90, 83, 109, 239, 92, 162, 76, 67, 53, 72, 93, 76, 208, 57, 58, 51, 74, 61, 65, 72, 73, 75, 60, 78, 56, 50, 92, 64, 78, 85, 63, 88, 83, 79, 72, 99, 75, 76, 72, 110, 139, 85, 92, 141, 196, 143, 196, 71, 69, 88, 69, 72, 60, 107, 123, 139, 54, 145, 83, 70, 163, 65, 59, 57, 89, 73, 54, 52, 88, 65, 69, 76, 69, 55, 76, 97, 71, 50, 161, 52, 57, 129, 85, 218, 74, 61, 58, 59, 50, 64, 58, 64, 53, 67, 79, 95, 200, 109, 57, 60, 117, 67],