{"initial_reset_timestamp": 1634434895.8591626, "timestamps": [1634434898.0455492, 1634434899.5009584, 1634434899.6210423, 1634434899.9200425, 1634434899.960077, 1634434900.0020392, 1634434900.0740423, 1634434900.1510422, 1634434903.1131625, 1634434903.1985216, 1634434903.2511215, 1634434903.312122, 1634434903.3801227, 1634434903.434122, 1634434903.519122, 1634434903.5921214, 1634434903.6371212, 1634434903.7511222, 1634434903.9001222, 1634434904.110122, 1634434904.211122, 1634434904.280122, 1634434904.3421223, 1634434904.4151232, 1634434904.4791243, 1634434904.6231234, 1634434904.684124, 1634434906.252591, 1634434906.4586763, 1634434906.514677, 1634434906.5576756, 1634434906.653675, 1634434906.7386754, 1634434906.803675, 1634434906.8546765, 1634434906.9326751, 1634434907.0216753, 1634434907.0766745, 1634434907.1426752, 1634434907.2606761, 1634434907.3346753, 1634434907.3966749, 1634434907.4886749, 1634434907.5666747, 1634434907.6336744, 1634434907.6856747, 1634434907.7316747, 1634434907.7786746, 1634434907.8476748, 1634434907.940675, 1634434908.007675, 1634434908.0466747, 1634434908.1236746, 1634434908.2166753, 1634434908.2836761, 1634434908.3646748, 1634434908.4196749, 1634434908.5206745, 1634434908.5776753, 1634434908.6756754, 1634434908.7456746, 1634434908.865679, 1634434908.9236748, 1634434909.0047219, 1634434910.4124508, 1634434910.552502, 1634434910.6375031, 1634434910.7325199, 1634434910.8449583, 1634434910.9069557, 1634434910.9799562, 1634434911.0349557, 1634434911.1219587, 1634434911.195957, 1634434911.279957, 1634434911.3899555, 1634434911.4619572, 1634434911.5879653, 1634434911.6539567, 1634434911.7459555, 1634434911.8039591, 1634434911.861956, 1634434911.9479785, 1634434912.0299778, 1634434912.1709788, 1634434912.2229757, 1634434912.3064222, 1634434912.4284222, 1634434912.529422, 1634434912.6334221, 1634434912.7234225, 1634434912.8074222, 1634434912.8604221, 1634434912.9554222, 1634434913.0204213, 1634434913.0844219, 1634434913.196422, 1634434913.2954218, 1634434913.3817048, 1634434913.4471204, 1634434913.5107608, 1634434913.5777645, 1634434913.6340191, 1634434913.7517035, 1634434913.8075907, 1634434913.9150648, 1634434914.0568562, 1634434914.126626, 1634434914.2396839, 1634434914.344684, 1634434914.487684, 1634434914.6186833, 1634434914.6786838, 1634434914.7376833, 1634434914.855684, 1634434914.9616852, 1634434915.0536838, 1634434915.1815712, 1634434915.2812874, 1634434915.3894708, 1634434915.4944713, 1634434915.5526755, 1634434915.6235332, 1634434915.7385569, 1634434915.8201313, 1634434917.0740275, 1634434917.2777398, 1634434917.3747375, 1634434917.4897387, 1634434917.5877373, 1634434917.6737385, 1634434917.7367396, 1634434917.823736, 1634434917.8867364, 1634434917.9507363, 1634434918.1007392, 1634434918.1797366, 1634434918.2827373, 1634434918.3941107, 1634434918.4726872, 1634434918.559688, 1634434918.6766167, 1634434918.7409515, 1634434918.8979611, 1634434918.9967604, 1634434919.0737705, 1634434919.1387305, 1634434919.2031941, 1634434919.3632684, 1634434919.479086, 1634434919.5742123, 1634434919.7441857, 1634434919.872185, 1634434919.957185, 1634434920.089188, 1634434920.258185, 1634434920.3981855, 1634434920.590197, 1634434920.6594646, 1634434920.7416627, 1634434920.9052844, 1634434921.0692523, 1634434921.2002494, 1634434921.322109, 1634434921.4758377, 1634434921.6394944, 1634434921.721447, 1634434921.8094463, 1634434921.8809593, 1634434922.0067356, 1634434922.1015334, 1634434922.1883335, 1634434922.2865572, 1634434922.4412878, 1634434922.562862, 1634434922.6477673, 1634434922.7576773, 1634434922.9475372, 1634434923.035538, 1634434923.184537, 1634434923.3530695, 1634434923.4890704, 1634434923.6540709, 1634434923.7600727, 1634434923.8540723, 1634434923.9300697, 1634434924.0479567, 1634434924.171253, 1634434924.3344615, 1634434924.4799972, 1634434924.5979195, 1634434924.6871855, 1634434924.8121827, 1634434924.8840356, 1634434925.064408, 1634434925.216691], "episode_lengths": [84, 81, 103, 263, 60, 60, 78, 87, 174, 51, 61, 69, 72, 63, 85, 74, 58, 97, 117, 155, 84, 67, 64, 58, 57, 115, 56, 91, 117, 59, 54, 85, 69, 61, 52, 69, 77, 57, 61, 87, 69, 65, 76, 70, 61, 58, 51, 52, 67, 85, 61, 50, 68, 81, 60, 69, 56, 84, 59, 85, 61, 90, 55, 67, 77, 74, 71, 80, 77, 57, 70, 55, 71, 66, 74, 87, 67, 99, 63, 78, 59, 57, 74, 70, 92, 52, 69, 87, 78, 80, 67, 68, 54, 72, 59, 56, 78, 74, 67, 60, 51, 58, 55, 79, 52, 77, 92, 60, 74, 73, 91, 78, 54, 52, 80, 70, 62, 85, 66, 74, 73, 53, 58, 77, 62, 65, 75, 62, 67, 67, 63, 51, 62, 51, 55, 82, 59, 68, 71, 59, 64, 72, 54, 89, 64, 59, 53, 55, 84, 73, 62, 86, 73, 59, 75, 83, 80, 92, 53, 56, 88, 90, 66, 71, 83, 88, 57, 59, 55, 70, 56, 56, 61, 85, 68, 58, 67, 93, 59, 76, 81, 73, 84, 63, 56, 55, 61, 66, 84, 76, 70, 54, 67, 51, 86, 80],