{"initial_reset_timestamp": 1634403910.555074, "timestamps": [1634403913.294694], "episode_lengths": [118], "episode_rewards": [-114.95134305293513], "episode_types": ["t", "t"]}