{"initial_reset_timestamp": 1634488779.3945699, "timestamps": [1634488781.0479968, 1634488782.6145291, 1634488782.6785707, 1634488782.6935685, 1634488782.7045677, 1634488782.7115688, 1634488782.7175684, 1634488782.7245684, 1634488784.447718, 1634488784.5107172], "episode_lengths": [80, 88, 90, 132, 99, 74, 63, 66, 100, 76], "episode_rewards": [-215.68778040396404, -173.54097164161476, -174.51893277723275, -255.47743072172008, -101.59236343004761, -58.55649199416317, -117.78905484506392, -46.60619302628507, -231.04418857715316, -228.47477777147017], "episode_types": ["t", "t", "t", "t", "t", "t", "t", "t", "t", "t"]}