{"initial_reset_timestamp": 1634403839.9311216, "timestamps": [1634403842.7606275, 1634403843.9973817, 1634403844.0760062, 1634403844.1560302, 1634403844.2150047, 1634403844.2850044, 1634403844.3440046, 1634403844.3780043, 1634403845.8112442, 1634403845.891246, 1634403845.970252, 1634403846.0222466, 1634403846.0742466, 1634403846.163247, 1634403846.221247, 1634403846.2672465, 1634403846.3592603, 1634403846.4112785, 1634403846.4742787, 1634403846.5402782, 1634403846.5802839, 1634403846.6182785, 1634403846.6782782, 1634403846.7462788, 1634403846.8202806, 1634403846.8662786, 1634403846.9413097, 1634403848.6117845, 1634403848.7137823, 1634403848.788782, 1634403848.881782, 1634403848.9617836, 1634403849.0047815, 1634403849.0507822, 1634403849.1247842, 1634403849.2157829, 1634403849.2637823, 1634403849.333809, 1634403849.4307823, 1634403849.4917827, 1634403849.5667822, 1634403849.6587815, 1634403849.7277815, 1634403849.7887821, 1634403849.8367844, 1634403849.8798301, 1634403849.924263, 1634403850.009326, 1634403850.108327, 1634403850.1893275, 1634403850.2803278, 1634403850.3643274, 1634403850.4273472, 1634403850.5053482, 1634403850.5673473, 1634403850.6643476, 1634403850.7143466, 1634403850.8173475, 1634403850.8693473, 1634403850.9573486, 1634403851.0487502, 1634403851.1427512, 1634403851.2147508, 1634403851.305751, 1634403852.4283183, 1634403852.5673945, 1634403852.615395, 1634403852.704394, 1634403852.7954192, 1634403852.8754168, 1634403852.9624188, 1634403853.035321, 1634403853.108832, 1634403853.1771262, 1634403853.2851257, 1634403853.3534248, 1634403853.4484162, 1634403853.5344114, 1634403853.6282697, 1634403853.6886604, 1634403853.7479687, 1634403853.8097508, 1634403853.8953474, 1634403853.995026, 1634403854.0974357, 1634403854.1513188, 1634403854.2713187, 1634403854.3665216, 1634403854.4637094, 1634403854.5265985, 1634403854.6312094, 1634403854.7292964, 1634403854.8612864, 1634403854.979233, 1634403855.111258, 1634403855.2152576, 1634403855.5126476, 1634403855.5686474, 1634403855.6316466, 1634403855.7066479, 1634403855.7606475, 1634403855.8581712, 1634403855.922171, 1634403856.042217, 1634403856.1650374, 1634403856.238083, 1634403856.3360598], "episode_lengths": [123, 66, 63, 108, 95, 96, 82, 64, 77, 54, 99, 75, 70, 97, 79, 64, 101, 64, 76, 80, 53, 54, 72, 78, 84, 60, 77, 89, 62, 77, 93, 81, 55, 55, 71, 87, 59, 75, 91, 66, 76, 88, 73, 68, 57, 54, 53, 85, 87, 80, 81, 76, 65, 71, 65, 85, 55, 88, 58, 74, 83, 81, 67, 76, 64, 79, 53, 80, 75, 66, 69, 70, 61, 62, 88, 63, 76, 75, 75, 56, 60, 56, 74, 81, 81, 55, 87, 76, 76, 60, 78, 77, 92, 90, 87, 80, 66, 55, 54, 62, 52, 72, 56, 84, 87, 61, 75], "episode_rewards": [-161.13505934123052, -165.22388193476792, -112.7550434611133, -267.08903343110893, -115.65475610511626, -124.71388020723005, -124.77298404141811, -125.58605700419999, -195.51406366171997, -142.57164461366065, -237.61766728067505, -129.00926001126416, -154.7360423895477, -163.536230057851, -117.19790175337906, -112.13236437352775, -125.12110182800107, -116.74488587534097, -130.34847693936803, -171.01990415005739, -112.17357509051784, -102.7753312497584, -200.50387883900964, -117.96449655689622, -183.40975994772418, -119.94478693386279, -154.78802889246106, -136.64879671748304, -131.12227509627397, -176.0507813135872, -157.62476008476835, -108.17614390225236, -135.24309633443792, -141.84661316744757, -122.75957211539577, -125.76700633464192, -112.59521662956145, -162.78777807691128, -204.20805582983388, -137.86844669327178, -132.42936203803708, -94.21351557938047, -164.90413763265224, -176.65222380626304, -112.38099438981713, -99.09108517218404, -101.3496949982453, -130.1683462870007, -140.09152370830498, -127.05675294105006, -105.75510626390988, -154.75899879736406, -140.5694302188235, -123.35664646457369, -126.50943692354801, -205.180609135267, -135.05622493291384, -156.41830385802558, -122.43540377151052, -152.5949847565762, -161.68001088197877, -114.49382070276528, -137.13515492248237, -128.82173392021247, -153.84718782190419, -166.6528676720034, -127.75609961822727, -124.45294651424462, -132.8388294059418, -137.78268624789987, -132.13549018470385, -144.67937418038233, -135.60494342258517, -154.07713211504222, -98.69093686098216, -114.80304263982563, -139.27784437143464, -141.62447232697167, -171.3400446366345, -139.49641118598782, -130.50139342218657, -142.3849996691874, -120.20270523508091, -116.02036023276614, -174.5655524094771, -102.28374339374972, -162.93552308298467, -132.45515258561156, -129.30844556853737, -153.32869634558395, -119.35575415798559, -176.69187875273497, 26.19211803265914, -116.3982778497872, -114.25300877684961, -132.96158577480202, -115.36373958439074, -91.92141909126008, -108.76136932273312, -146.623490991109, -113.52990223501993, -141.225706140354, -107.50667115356293, -193.51319182357688, -140.58997500801846, -147.28534200453421, -119.98251680627664], "episode_types": ["t", "t", "t", "t", "t", "t", "t", "t", "t", "t", "t", "t", "t", "t", "t", "t", "t", "t", "t", "t", "t", "t", "t", "t", "t", "t", "t", "t", "t", "t", "t", "t", "t", "t", "t", "t", "t", "t", "t", "t", "t", "t", "t", "t", "t", "t", "t", "t", "t", "t", "t", "t", "t", "t", "t", "t", "t", "t", "t", "t", "t", "t", "t", "t", "t", "t", "t", "t", "t", "t", "t", "t", "t", "t", "t", "t", "t", "t", "t", "t", "t", "t", "t", "t", "t", "t", "t", "t", "t", "t", "t", "t", "t", "t", "t", "t", "t", "t", "t", "t", "t", "t", "t", "t", "t", "t", "t"]}