{"initial_reset_timestamp": 1634404375.3868902, "timestamps": [1634404377.9416533], "episode_lengths": [106], "episode_rewards": [-341.1911542105128], "episode_types": ["t", "t"]}