{"initial_reset_timestamp": 1634404424.690682, "timestamps": [1634404426.8810015], "episode_lengths": [84], "episode_rewards": [-77.92457125028633], "episode_types": ["t", "t"]}