{"initial_reset_timestamp": 1634404151.0837421, "timestamps": [1634404152.8632314], "episode_lengths": [60], "episode_rewards": [-80.77367493767895], "episode_types": ["t", "t"]}