{"initial_reset_timestamp": 1634404501.9034967, "timestamps": [1634404504.1018803], "episode_lengths": [86], "episode_rewards": [-253.69980947386915], "episode_types": ["t", "t"]}