{"initial_reset_timestamp": 1634489107.253565, "timestamps": [1634489113.8037877, 1634489122.67016, 1634489123.130211, 1634489123.703211, 1634489124.1832106, 1634489124.616215, 1634489125.1062114, 1634489125.5932102, 1634489130.9035466, 1634489131.458768], "episode_lengths": [323, 523, 297, 386, 342, 324, 343, 336, 312, 354], "episode_rewards": [236.00549873771723, 194.43064455128086, 253.89985957132097, 266.9211545720925, 246.26136155439337, 237.51057974964058, 265.29133617223476, 252.74804641406953, 255.21025754197177, 242.78556539752762], "episode_types": ["t", "t", "t", "t", "t", "t", "t", "t", "t", "t"]}