{"initial_reset_timestamp": 1634435080.1650994, "timestamps": [1634435082.7802632, 1634435084.2638004, 1634435084.4527993, 1634435084.548799, 1634435084.6378157, 1634435084.808815, 1634435084.9488163, 1634435085.102816, 1634435086.6965878, 1634435087.0296028, 1634435087.1126027, 1634435087.2426019], "episode_lengths": [109, 83, 102, 110, 98, 157, 137, 136, 93, 65, 78, 109], "episode_rewards": [-225.60691624695167, -111.93031678159804, -210.36139906448153, -350.69824304608085, -262.99296883762963, -324.4618270849388, -267.64126961853754, -302.9459740496361, -491.0296407508673, -306.3917321864293, -587.6179483973733, -81.02984751190866], "episode_types": ["t", "t", "t", "t", "t", "t", "t", "t", "t", "t", "t", "t", "t"]}