{"initial_reset_timestamp": 1634698163.2352138, "timestamps": [1634698165.8496466, 1634698167.5645037, 1634698168.0895035, 1634698168.5355086, 1634698168.9515083, 1634698169.3715081], "episode_lengths": [78, 61, 92, 86, 86, 84], "episode_rewards": [-267.14209655881723, -145.32213205655754, -172.1837057397166, -309.19645140833984, -238.3093301913757, -69.1542280984816], "episode_types": ["t", "t", "t", "t", "t", "t", "t"]}