{"initial_reset_timestamp": 1634403806.3193471, "timestamps": [1634403809.3269138, 1634403810.8643074], "episode_lengths": [133, 86], "episode_rewards": [-115.78346813245508, -94.19482797272369], "episode_types": ["t", "t"]}