{"initial_reset_timestamp": 1634404014.638687, "timestamps": [1634404016.7781549], "episode_lengths": [84], "episode_rewards": [-86.0136127036582], "episode_types": ["t", "t"]}