{"initial_reset_timestamp": 1634489510.5112474, "timestamps": [1634489512.6225107, 1634489513.9386845, 1634489514.3876839, 1634489514.6046846, 1634489514.9496841, 1634489515.198685, 1634489515.4246836, 1634489515.6016846], "episode_lengths": [78, 73, 134, 77, 124, 87, 77, 61], "episode_rewards": [-115.01199867530865, -54.576121544141756, -114.65729647289885, -119.84193774081965, 6.035996577144857, -358.9373892325393, -251.93406506861183, -95.66583029448837], "episode_types": ["t", "t", "t", "t", "t", "t", "t", "t", "t"]}