{"initial_reset_timestamp": 1634435156.9213893, "timestamps": [1634435159.5182302, 1634435161.1803677, 1634435161.3006063, 1634435161.375599, 1634435161.471599, 1634435161.5485978, 1634435161.6225955, 1634435161.6876216, 1634435163.2966363, 1634435163.4146852, 1634435163.4916863, 1634435163.5706854, 1634435163.622686, 1634435163.657686, 1634435163.7196865, 1634435163.7596855, 1634435163.8096862, 1634435163.8836856, 1634435163.933686, 1634435164.0106862, 1634435164.0476854, 1634435164.123225, 1634435164.2020953, 1634435164.2940962, 1634435164.4580958, 1634435164.532096, 1634435164.587096, 1634435165.7479985, 1634435165.8629978, 1634435165.9319994, 1634435166.003001, 1634435166.0849986, 1634435166.151999, 1634435166.2289982, 1634435166.321998, 1634435166.3939996, 1634435166.4330297, 1634435166.483001, 1634435166.5489979, 1634435166.622001, 1634435166.7030008, 1634435166.7420044, 1634435166.817002, 1634435166.8789978, 1634435166.9600008, 1634435167.0379977, 1634435167.0819976, 1634435167.153001, 1634435167.2939978, 1634435167.3330057, 1634435167.3870008, 1634435167.448998, 1634435167.5630245, 1634435167.655001, 1634435167.6960125, 1634435167.756016, 1634435167.8100224, 1634435167.8810012, 1634435167.945001, 1634435167.997001, 1634435168.055015, 1634435168.1170008, 1634435168.1890035, 1634435168.2450006, 1634435169.697731, 1634435169.8587484, 1634435169.9207478, 1634435169.9887462, 1634435170.073748, 1634435170.162746, 1634435170.4007468, 1634435170.4967484, 1634435170.6487453, 1634435170.7857668, 1634435171.0148387, 1634435171.0998085, 1634435171.2038054, 1634435171.2538047, 1634435171.3738081, 1634435171.4628117, 1634435171.5328076, 1634435171.5948079, 1634435171.6448061, 1634435171.7108083, 1634435171.7858367, 1634435171.8398364, 1634435171.929836, 1634435172.0548363, 1634435172.4198725, 1634435172.529872, 1634435172.62687, 1634435172.775873, 1634435172.967873, 1634435173.034873, 1634435173.104873, 1634435173.1818728, 1634435173.255873, 1634435173.3579314, 1634435173.4379315, 1634435173.5299444, 1634435173.6319466, 1634435173.7049448, 1634435173.809946, 1634435173.943946, 1634435174.030946, 1634435174.1349478, 1634435174.257947, 1634435174.310946, 1634435174.4259446, 1634435174.5769463, 1634435175.2479627, 1634435175.358962, 1634435175.4979625, 1634435175.8159914, 1634435176.1430085, 1634435176.20101, 1634435176.3410087, 1634435176.4660065, 1634435176.6700618, 1634435177.2040353, 1634435177.4040356, 1634435177.4830704, 1634435177.5480337, 1634435177.6870544, 1634435177.910081, 1634435179.5757544, 1634435179.7176259, 1634435179.788625, 1634435180.2156253, 1634435180.6006255, 1634435180.7646253, 1634435180.9916246, 1634435181.1506255, 1634435181.2996247, 1634435181.6226249, 1634435182.044625, 1634435182.1726253, 1634435182.3296254], "episode_lengths": [106, 94, 109, 111, 119, 104, 93, 93, 93, 67, 93, 96, 69, 56, 77, 59, 68, 89, 66, 89, 54, 86, 86, 99, 154, 84, 69, 67, 56, 71, 71, 84, 78, 82, 97, 77, 51, 57, 75, 78, 87, 54, 69, 65, 78, 82, 53, 75, 122, 53, 61, 62, 100, 87, 55, 64, 62, 75, 62, 59, 61, 62, 74, 62, 83, 89, 61, 63, 76, 76, 161, 76, 103, 106, 148, 78, 86, 55, 93, 80, 61, 60, 50, 58, 70, 53, 76, 94, 220, 72, 79, 103, 125, 57, 64, 66, 64, 77, 68, 74, 74, 62, 80, 92, 75, 76, 86, 51, 83, 100, 318, 78, 84, 168, 167, 55, 85, 77, 120, 244, 118, 64, 54, 88, 125, 86, 57, 59, 203, 172, 92, 112, 88, 85, 149, 188, 77, 89], "episode_rewards": [-14.327716040936878, -345.7877712976119, -163.08326894934513, -271.97908478868993, -423.7685444965452, -319.2476159130308, -344.4601010711426, -16.702608425289057, -49.828675759459074, -284.18175133298064, -31.475572345865373, -120.34904746065673, -164.67794582226395, -199.89146259195005, -142.2747801991355, -184.55672545364243, -110.23158051601138, -88.39374844400251, -104.21023602230375, -248.28682564936167, -309.45014865179206, -240.4081625096848, -112.13646116867169, -183.87284177272423, 17.803677521585243, -579.7086573871786, -465.14051819913976, -669.1428190437226, -239.26288022046276, -417.891268218491, -549.8893970358924, -278.3676994823743, -167.1656547391782, -102.86479479789604, -172.46646101484515, -205.46355971054504, -344.989173432641, -385.69534686346145, -457.6306128755753, -159.6784065478422, -19.99378875128204, -162.36648118913928, -527.50993437062, -454.31377046190704, -109.7582376042767, -282.4115109333026, -457.4365112591168, -589.1903559597022, -142.16885072214598, -132.11131338519485, -92.39548641726851, -164.99759247986356, -158.90745491419324, -155.90709202188663, -113.98599265145361, -156.89717978341275, -160.80352606318777, -112.67904750285263, -447.041371887091, -550.9133580256658, -480.925422588356, -132.95751686069167, -162.57792113476188, -68.11597692810051, -268.9742779204836, -588.6062553085819, -530.3013683656187, -482.1410103916752, -467.4986930718087, -159.508782437244, -644.8089802329778, -345.8462767286638, -336.7510839577517, -181.3068717325695, -209.46999920797202, 13.066413155915939, -127.73783996439465, -124.99088028436361, -85.24352321699085, -253.93442996580777, -359.92947899872667, -240.67010951950513, -297.9302543085157, -381.0857005839263, -324.65148655118116, -191.5862777258723, -293.3451061513789, -472.688704527784, -976.8382681592059, -384.61484219839065, -172.74725703938103, -235.0495492326652, -325.60072791704414, -134.24885138202058, -148.9384198800603, -162.22192154092653, -153.14255414821795, -140.45205513325305, -133.26460741370275, -130.18518897482448, -206.1312784199987, -107.0049201481638, 3.7575903102909365, -179.36048618542736, -165.38591555624353, -187.20561800281587, -123.65311639587526, -111.33432825875718, -90.99381144685546, -496.719778949543, -307.8776739516533, -452.5053606106009, -448.05021326000417, -739.2398202779178, -421.2397971360366, -60.75009624330542, -132.91433204344216, -113.48066830049993, -354.4402881017403, -1611.3454487708914, -404.77895090741026, -149.08830260716562, -124.77625116875018, -79.53637185916844, -303.8176495985347, -108.6080487900464, -95.17548686113297, -153.28119955002853, -803.6504011862918, -746.4118169126577, -213.67514816786826, -104.28644713130412, -226.79651887547885, -247.00199016378343, -819.6819825033999, -335.2957616769186, -193.18528008339362, 1.404210458390395], "episode_types": ["t", "t", "t", "t", "t", "t", "t", "t", "t", "t", "t", "t", "t", "t", "t", "t", "t", "t", "t", "t", "t", "t", "t", "t", "t", "t", "t", "t", "t", "t", "t", "t", "t", "t", "t", "t", "t", "t", "t", "t", "t", "t", "t", "t", "t", "t", "t", "t", "t", "t", "t", "t", "t", "t", "t", "t", "t", "t", "t", "t", "t", "t", "t", "t", "t", "t", "t", "t", "t", "t", "t", "t", "t", "t", "t", "t", "t", "t", "t", "t", "t", "t", "t", "t", "t", "t", "t", "t", "t", "t", "t", "t", "t", "t", "t", "t", "t", "t", "t", "t", "t", "t", "t", "t", "t", "t", "t", "t", "t", "t", "t", "t", "t", "t", "t", "t", "t", "t", "t", "t", "t", "t", "t", "t", "t", "t", "t", "t", "t", "t", "t", "t", "t", "t", "t", "t", "t", "t", "t"]}