{"initial_reset_timestamp": 1634403261.6516683, "timestamps": [1634403263.8734217, 1634403265.0074346, 1634403265.0854342, 1634403265.143449], "episode_lengths": [87, 62, 63, 101], "episode_rewards": [-141.94924299243536, -165.90376960459963, -115.43295283683379, -121.76758360974232], "episode_types": ["t", "t", "t", "t"]}