{"initial_reset_timestamp": 1634404066.9193332, "timestamps": [1634404069.7289646], "episode_lengths": [115], "episode_rewards": [-325.0969249742145], "episode_types": ["t", "t"]}