{"initial_reset_timestamp": 1634402412.9836261, "timestamps": [1634402415.4534283, 1634402417.5343442, 1634402417.6433475, 1634402417.7333465, 1634402417.7963476, 1634402417.840348, 1634402417.9033477, 1634402417.9673479], "episode_lengths": [99, 119, 98, 109, 93, 67, 88, 81], "episode_rewards": [-140.43492016574484, 0.8426349733253744, -347.9071957432848, -308.1023381332899, -216.96872359344275, -239.13770919469346, -148.93706722609002, -106.48513353378493], "episode_types": ["t", "t", "t", "t", "t", "t", "t", "t"]}