{"initial_reset_timestamp": 1634404095.7963424, "timestamps": [1634404097.7456827], "episode_lengths": [72], "episode_rewards": [-137.71922189003362], "episode_types": ["t", "t"]}